"ID","Username","Role","Name","Address","Password"
"U-c351d9df-8eed-11ef-834d-08bfb82c14c5","traceykelly","reader","Tracey Kelly","PSC 6481, Box 1952, APO AA 89825","8ad997c4f4dd050c101df5c3cbe4cb10aacd8c38b1f4e9df53a47372799245f3"
"U-c351e208-8eed-11ef-834d-08bfb82c14c5","brittanykimdvm","reader","Brittany Kim DVM","80826 Miller Plaza, Shariton, PR 87489","181bed1535577cc7292e477845f9934e30b4d5877f3be044604981bb186fb120"
"U-c351e28c-8eed-11ef-834d-08bfb82c14c5","danielharrisondds","reader","Daniel Harrison DDS","95457 Christopher Manor Suite 485, Port Samantha, MT 79549","f35d631bbd9787a320bccc1cb69253384997807c66164804409e1f7290316b62"
"U-c351e2bf-8eed-11ef-834d-08bfb82c14c5","ericadavidson","reader","Erica Davidson","51540 Barbara Brook, Andrewmouth, DC 89545","b9c0b6186c8972679705f6af0a061e543e4823b03741bc7fa68b5b4704188498"
"U-c351e2e9-8eed-11ef-834d-08bfb82c14c5","sallyleon","reader","Sally Leon","5515 Logan Harbor, Julieland, FM 85402","24a625622e12a08c205078958c2839eacae2a432c4f3776871722caecaa3b5d5"
"U-c351e312-8eed-11ef-834d-08bfb82c14c5","benjamincaldwell","reader","Benjamin Caldwell","9932 Allison Pines, East Michelle, PW 44534","f1be5595a1671449400a0f59647937ba60d00406cb2d0089e2fbe1f2ab6ce102"
"U-c351e336-8eed-11ef-834d-08bfb82c14c5","crystalsantos","reader","Crystal Santos","6780 Sierra Union, South Jenniferton, CA 08418","9954a61c69ff90c984b2b0d754995c13f4555312d3661c128e6c81590d233768"
"U-c351e359-8eed-11ef-834d-08bfb82c14c5","robertmartinez","reader","Robert Martinez","311 Larry Cliff, North Jeffstad, KS 03432","f772bf377b1ee32a032fb403e4ce58f24cf69bb568e293108eb4b060b2e19d95"
"U-c351e386-8eed-11ef-834d-08bfb82c14c5","kylestanley","reader","Kyle Stanley","9164 Nicholas Inlet Apt. 554, Brightshire, MT 61686","a481e9c677ca439e9aa0be3264ed394e28b5620f3c9e4d0c7b5fa6376322ed67"
"U-c351e3aa-8eed-11ef-834d-08bfb82c14c5","jillfry","reader","Jill Fry","87619 Matthew Garden, Abigailfurt, TX 28957","e00c1555ee08211246fc0a8e32cc88c4d088a24925d69fa382b6767a13030bf3"
"U-c351e3cd-8eed-11ef-834d-08bfb82c14c5","ronaldramos","reader","Ronald Ramos","13580 Holly Corner Suite 739, New Paul, FL 69782","154778ed915ce6a8f645ebf621392e2b26ce7e5df7cf907596b50db1ee29e20e"
"U-c351e3f1-8eed-11ef-834d-08bfb82c14c5","michaeldowns","reader","Michael Downs","USNV Guerrero, FPO AE 08325","a66a1bdf013025abd5e5750ea7da8e580a90e23e00693875143e44ed0be3268e"
"U-c351e417-8eed-11ef-834d-08bfb82c14c5","angelabaker","reader","Angela Baker","89681 Cody Ridges, East Angela, WV 20093","c048880f00f906d0a09b687ce97cf12e6601bd73b54cf9ab1d7a07ff809a500a"
"U-c351e43a-8eed-11ef-834d-08bfb82c14c5","anthonygomez","reader","Anthony Gomez","81866 Ross Islands, New Rhondaland, GA 44652","9cf1d158aa86d8714e06f55f61ac82ee3f98cb69d473941c42bbd3554060d8e4"
"U-c351e45c-8eed-11ef-834d-08bfb82c14c5","robertbarber","reader","Robert Barber","121 Paul Lane Apt. 891, North Andrewberg, NC 06281","7567e9c05ce3d592b879b72c932c16b986ab58668dfd07c05dfdef1df2668ed5"
"U-c351e480-8eed-11ef-834d-08bfb82c14c5","jesseschmidt","reader","Jesse Schmidt","755 Lisa Greens, Williamport, SD 12754","31f371cbf56732c92cd84796c269fdcf6b666f75decbdbce9cd86632b5ce2610"
"U-c351e4a4-8eed-11ef-834d-08bfb82c14c5","lindaalvarez","reader","Linda Alvarez","12510 Snyder Estates Apt. 237, Lake Robertport, OK 07853","8e11d6a5fe44a54a82ba8d95e84294babf4559bc0981cc220df057a16f77ddf6"
"U-c351e4cb-8eed-11ef-834d-08bfb82c14c5","elizabethbennett","reader","Elizabeth Bennett","94365 Young Crescent Apt. 502, Richardsonville, AS 23996","3d4c5b4b4637da28f3bc6f5eba411180dde50becd85d3e20d54ca4af91cbc3ae"
"U-c351e4ee-8eed-11ef-834d-08bfb82c14c5","sararogers","reader","Sara Rogers","PSC 7341, Box 0118, APO AP 39516","47151fe9289849f983eb89a3d204953defada9f96ca5d10c7943d9c09db00775"
