"ID","Name","Birthdate"
"A-c34de6d6-8eed-11ef-834d-08bfb82c14c5","Anita Butler","1965-09-15"
"A-c34dcd4f-8eed-11ef-834d-08bfb82c14c5","Anita Walker","1962-11-01"
"A-c34dea37-8eed-11ef-834d-08bfb82c14c5","Ashley Moore","1961-11-16"
"A-c34dea55-8eed-11ef-834d-08bfb82c14c5","Barbara Jackson","1999-03-18"
"A-c34deaf0-8eed-11ef-834d-08bfb82c14c5","Bradley Stevenson","1994-12-24"
"A-c34de937-8eed-11ef-834d-08bfb82c14c5","Brian Brown","1959-03-13"
"A-c34de5d9-8eed-11ef-834d-08bfb82c14c5","Calvin Clark","1984-02-05"
"A-c34de5b5-8eed-11ef-834d-08bfb82c14c5","Christian Mason","1954-01-18"
"A-c34de639-8eed-11ef-834d-08bfb82c14c5","Connie Kramer","1971-08-14"
"A-c34de9bd-8eed-11ef-834d-08bfb82c14c5","Darren Burns","1946-03-23"
"A-c34de6f4-8eed-11ef-834d-08bfb82c14c5","Donna English","1977-04-26"
"A-c34de65c-8eed-11ef-834d-08bfb82c14c5","Heather Mclean","1955-12-31"
"A-c34debe2-8eed-11ef-834d-08bfb82c14c5","Isaiah Schwartz","1966-05-12"
"A-c34dead2-8eed-11ef-834d-08bfb82c14c5","Jennifer Curtis","1986-09-10"
"A-c34de95a-8eed-11ef-834d-08bfb82c14c5","Jesse Smith","1943-08-18"
"A-c34de9f9-8eed-11ef-834d-08bfb82c14c5","John Clark","1966-09-24"
"A-c34de513-8eed-11ef-834d-08bfb82c14c5","Joseph Alvarez","1965-01-05"
"A-c34dec01-8eed-11ef-834d-08bfb82c14c5","Joseph Joseph","1954-01-21"
"A-c34de711-8eed-11ef-834d-08bfb82c14c5","Julie Barry","1980-05-03"
"A-c34de99e-8eed-11ef-834d-08bfb82c14c5","Kelly Clark","1990-03-06"
"A-c34de588-8eed-11ef-834d-08bfb82c14c5","Kimberly Brown","1970-08-03"
"A-c34debc5-8eed-11ef-834d-08bfb82c14c5","Levi Wilson","1956-07-09"
"A-c34dea74-8eed-11ef-834d-08bfb82c14c5","Lori Johnson","1997-09-27"
"A-c34de97b-8eed-11ef-834d-08bfb82c14c5","Michael Elliott","1968-07-11"
"A-c34de5fb-8eed-11ef-834d-08bfb82c14c5","Michael Morrison","1988-10-25"
"A-c34deb0f-8eed-11ef-834d-08bfb82c14c5","Michael Robinson","1986-04-26"
"A-c34dec1e-8eed-11ef-834d-08bfb82c14c5","Michael Walker","1966-02-07"
"A-c34dec3d-8eed-11ef-834d-08bfb82c14c5","Patricia Raymond","1995-06-29"
"A-c34deb4c-8eed-11ef-834d-08bfb82c14c5","Patricia Sanchez","1982-01-11"
"A-c34de8e4-8eed-11ef-834d-08bfb82c14c5","Paul Martinez","1960-02-24"
"A-c34de61b-8eed-11ef-834d-08bfb82c14c5","Paula Tucker","1981-09-14"
"A-c34deb89-8eed-11ef-834d-08bfb82c14c5","Robert Gray","1942-04-30"
"A-c34deb2d-8eed-11ef-834d-08bfb82c14c5","Robert Miller","1948-03-20"
"A-c34de9dc-8eed-11ef-834d-08bfb82c14c5","Robert Smith","1964-06-16"
"A-c34de72f-8eed-11ef-834d-08bfb82c14c5","Samantha Allen","1976-08-01"
"A-c34deba8-8eed-11ef-834d-08bfb82c14c5","Shannon Mitchell","1979-05-16"
"A-c34de67b-8eed-11ef-834d-08bfb82c14c5","Sheri Lewis","1942-07-09"
"A-c34de698-8eed-11ef-834d-08bfb82c14c5","Stacey Blevins","1942-08-02"
"A-c34deb6a-8eed-11ef-834d-08bfb82c14c5","Steven Jackson","1935-11-19"
"A-c34dec5a-8eed-11ef-834d-08bfb82c14c5","Steven Robinson","1959-01-30"
"A-c34de6b7-8eed-11ef-834d-08bfb82c14c5","Sydney Taylor","1978-02-08"
"A-c34deab0-8eed-11ef-834d-08bfb82c14c5","Thomas Stevens","1934-11-21"
"A-c34dea92-8eed-11ef-834d-08bfb82c14c5","Tracy Shaw","1940-01-29"
"A-c34dea18-8eed-11ef-834d-08bfb82c14c5","Yvette Daniel","1937-10-03"
